{"poisson_coefficients":{"region_R82":0.054262211919239085,"region_R22":0.0016452331278288305,"region_R52":0.006396755939767881,"bonus_malus":0.2267793054906728,"vehicle_brand_B10":-0.007857464144749738,"region_R73":-0.025825630444418057,"region_R94":-0.0007507100646571235,"vehicle_brand_B2":0.010383748573475599,"vehicle_brand_B4":-0.004103466348362259,"region_R21":-0.0010344105101085818,"fuel_type_Regular":0.060142262451825905,"vehicle_brand_B13":0.0009272222800682046,"vehicle_brand_B14":-0.005904125344544508,"region_R25":0.007084039380229692,"region_R41":-0.009712125781635009,"driver_age":0.1334979385359576,"vehicle_brand_B3":-0.00829887806017826,"vehicle_brand_B5":0.02308127400232181,"region_R26":-0.004615722750165334,"region_R31":-0.032886498726129934,"region_R43":-0.0021232337780794086,"region_R53":0.0620561193699556,"density":0.018336039093866986,"region_R54":-0.0015591627726757465,"region_R72":-0.04085178455049671,"region_R83":-0.011579120623679811,"region_R91":-0.03899635277212438,"region_R93":-0.033453169381949685,"vehicle_brand_B11":-0.001835437977947655,"vehicle_brand_B12":-0.04576271354087427,"vehicle_brand_B6":-0.0088558684462506,"region_R42":0.0010861617096634228,"vehicle_power":-0.00037638610821534433,"vehicle_age":-0.11690772582391554,"region_R23":-0.01968577498626316,"region_R24":0.07949751543398897,"region_R74":0.0026595998125247136},"_wandb":{"runtime":84},"_runtime":84,"poisson_train_size":542410,"poisson_test_size":135603,"poisson_target_mean":0.05324676665491664,"_timestamp":1.7534466766970427e+09,"_step":0}