{"Test RMSE (Gamma)":21.958219058679965,"Test MAE (Gamma)":5.811171460411368,"gamma_test_size":6846,"gamma_min_target":0.5,"Train MAE (Gamma)":5.44958521347104,"_wandb":{"runtime":220},"_timestamp":1.7534465230291e+09,"_step":3,"Train RMSE (Gamma)":19.01067435057576,"Gamma - Residuals":{"path":"media/images/Gamma - Residuals_3_1f2efed22160f6d95ecb.png","format":"png","width":800,"height":500,"_type":"image-file","sha256":"1f2efed22160f6d95ecb6b708065201148e39027a877b09900aab0e74c33c719","size":24160},"Gamma - Actual vs Predicted":{"sha256":"9c24986f8fbe433e6cb100d2ebc7f47f6444bb0b9c182998b5ea93f0cfbf971d","size":37421,"path":"media/images/Gamma - Actual vs Predicted_2_9c24986f8fbe433e6cb1.png","format":"png","width":800,"height":600,"_type":"image-file"},"gamma_train_size":27214,"_runtime":220}